# lockfile	<original row>  (mindi 2a74043 apps/agent-box-hermes/build/)
apt-packages.lock	node-acorn	8.8.1+ds+~cs25.17.7-2	all	added	-	trixie	https://snapshot.debian.org/archive/debian/20260929T202609Z/pool/main/a/acorn/node-acorn_8.8.1+ds+~cs25.17.7-2_all.deb	5c6814cf6536892b3a93cc72a0a3792beb0d3f6be3d69f499ca7d764583479a9	128252
apt-packages.lock	node-balanced-match	2.0.0-1	all	added	-	trixie	https://snapshot.debian.org/archive/debian/20260929T202609Z/pool/main/n/node-balanced-match/node-balanced-match_2.0.0-1_all.deb	98a1c466bff6baf6780c4b765ec665e684424bf7907439939b5fb1160ede039c	4872
apt-packages.lock	node-brace-expansion	2.0.1+~1.1.0-2	all	added	-	trixie	https://snapshot.debian.org/archive/debian/20260929T202609Z/pool/main/n/node-brace-expansion/node-brace-expansion_2.0.1+~1.1.0-2_all.deb	c06d940bf95617cfd5c5ccbf0bf2ea864f41f36f317f21b4c8b21a3bf9668821	8012
apt-packages.lock	node-cjs-module-lexer	1.2.3+dfsg-1	all	added	-	trixie	https://snapshot.debian.org/archive/debian/20260929T202609Z/pool/main/n/node-cjs-module-lexer/node-cjs-module-lexer_1.2.3+dfsg-1_all.deb	db5edbd534306c633cd8c0639adb9fc723ec5c6961eee9f9721475db74474959	30560
apt-packages.lock	node-corepack	0.24.0-5	all	added	-	trixie	https://snapshot.debian.org/archive/debian/20260929T202609Z/pool/main/n/node-corepack/node-corepack_0.24.0-5_all.deb	76fc252799fe76c1dcd63d95cc556e11d5ac226902cf41c1963a2a45f830efa0	711724
apt-packages.lock	node-minimatch	9.0.3-6	all	added	-	trixie	https://snapshot.debian.org/archive/debian/20260929T202609Z/pool/main/n/node-minimatch/node-minimatch_9.0.3-6_all.deb	732998416eadffcdbf4e7e697200eb28d42963d1540fff2a3b485b5499805db6	76780
apt-packages.lock	node-undici	7.3.0+dfsg1+~cs24.12.11-1	all	added	-	trixie	https://snapshot.debian.org/archive/debian/20260929T202609Z/pool/main/n/node-undici/node-undici_7.3.0+dfsg1+~cs24.12.11-1_all.deb	7f10cf9c79cf4dae6c1117ca1c8181d2d4d184b82bbd59dd0eeec554994161c4	332608
apt-packages.lock	node-xtend	4.0.2-3	all	added	-	trixie	https://snapshot.debian.org/archive/debian/20260929T202609Z/pool/main/n/node-xtend/node-xtend_4.0.2-3_all.deb	c64e37fbea40de012b59adbfa61e703b52c12713f34cbfd2d4049ebcc549f270	3932
apt-packages.lock	nodejs	20.19.2+dfsg-1+deb13u3	amd64	added	-	trixie-security	https://snapshot.debian.org/archive/debian-security/20260929T215738Z/pool/updates/main/n/nodejs/nodejs_20.19.2+dfsg-1+deb13u3_amd64.deb	2f30b056911388a3abf27d015eda858bf5b76abfeb7f43b82c3cc35231f1c8bc	354784
apt-packages.lock	novnc	1:1.6.0-2	all	added	-	trixie	https://snapshot.debian.org/archive/debian/20260929T202609Z/pool/main/n/novnc/novnc_1.6.0-2_all.deb	7943751137815b9b98c7b424413de78aefa8a1045129ac06c001e9e68e0de98e	280152
apt-inherited.tsv	docker-cli	26.1.5+dfsg1-9+b13	amd64	docker.io	26.1.5+dfsg1-9	base-digest	snapshot:debian/pool/main/d/docker.io/docker-cli_26.1.5+dfsg1-9+b13_amd64.deb sha1:1d5ed5bf92d1baddbb4dbaa7df5c00542a79ef36 size:7337584 first_seen:20260510T144321Z
apt-inherited.tsv	ffmpeg	7:7.1.5-0+deb13u1	amd64	ffmpeg	7:7.1.5-0+deb13u1	base-digest	deb.debian.org:pool/main/f/ffmpeg/ffmpeg_7.1.5-0+deb13u1_amd64.deb sha256:8669bc77e55393c14e0dd257ba9a916007cb6da0e1074c9b5e1d53812024f2af size:2001944
