baseline_row_index	name	version	final_status	path	package_json_name	package_json_version	package_json_sha256	dir_manifest_sha256	dir_file_count	dpkg_owner	dpkg_owner_version	dpkg_source	dpkg_md5sums_match	npm_lock_resolved	npm_lock_integrity	apt_lock_deb_url	apt_lock_deb_sha256	containing_package	containing_package_dir	containing_lock_resolved	containing_lock_integrity	containing_lockfile	other_versions_in_final_fs
1808	@fastify/busboy	3.1.1	present_exact	/usr/share/nodejs/@fastify/busboy/package.json	@fastify/busboy	3.1.1	119cfc8a39be9b386576e75bd922ede6ee7e1a6a8e95c449732ec7861c818c13	fa8e871b11112053ec587949090c77e19544db9265274eb6b943d8209c32799a	16	node-undici	7.3.0+dfsg1+~cs24.12.11-1	node-undici	True			https://snapshot.debian.org/archive/debian/20260929T202609Z/pool/main/n/node-undici/node-undici_7.3.0+dfsg1+~cs24.12.11-1_all.deb	7f10cf9c79cf4dae6c1117ca1c8181d2d4d184b82bbd59dd0eeec554994161c4						
1835	@novnc/novnc	1.6.0	present_exact	/usr/share/novnc/package.json	@novnc/novnc	1.6.0	cd979f4c1dc4d7c0dd2794b93ca1c89b3c20c01fd4dee5d489330b291e441897	85c58489ad582dac01e489bb82c180732c90afe751dbe5a4e030c6184dc34366	132	novnc	1:1.6.0-2	novnc	True			https://snapshot.debian.org/archive/debian/20260929T202609Z/pool/main/n/novnc/novnc_1.6.0-2_all.deb	7943751137815b9b98c7b424413de78aefa8a1045129ac06c001e9e68e0de98e						
1968	@types/brace-expansion	1.1.0	present_exact	/usr/share/nodejs/@types/brace-expansion/package.json	@types/brace-expansion	1.1.0	b5a8bd07172ad2bb9d116311149f95e1eb671c78eecf01711349f74b7c1836b1	c3a100de0b47f1f79379dfc67700fe8e119dc20cf7be898640d859fb68fa3b39	2	node-brace-expansion	2.0.1+~1.1.0-2	node-brace-expansion	True			https://snapshot.debian.org/archive/debian/20260929T202609Z/pool/main/n/node-brace-expansion/node-brace-expansion_2.0.1+~1.1.0-2_all.deb	c06d940bf95617cfd5c5ccbf0bf2ea864f41f36f317f21b4c8b21a3bf9668821						
1974	@types/node	20.17.47	present_exact	/usr/share/nodejs/@types/node/package.json	@types/node	20.17.47	6cdaa8b92e0b5829bfb60cc701b7b8de4ff7ee3803011ffd4b5e2684e9fa8253	f7e2c9b76ec77e628044bd7ed6a619d29673e80c791bc7b8529bad399b6f0ea9	64	nodejs	20.19.2+dfsg-1+deb13u3	nodejs	True			https://snapshot.debian.org/archive/debian-security/20260929T215738Z/pool/updates/main/n/nodejs/nodejs_20.19.2+dfsg-1+deb13u3_amd64.deb	2f30b056911388a3abf27d015eda858bf5b76abfeb7f43b82c3cc35231f1c8bc						/opt/hermes/node_modules/@types/node/package.json@22.20.1
2009	acorn	8.8.1	present_exact	/usr/share/nodejs/acorn/package.json	acorn	8.8.1	72df4bb387281c6b4da06f1cfd5336193f080c065a7fc7fdea48419414223d10	257c80f53e5e5d17264165dd6d389a6854d981f2f2d51a3f8242949596485901	7	node-acorn	8.8.1+ds+~cs25.17.7-2	acorn	True			https://snapshot.debian.org/archive/debian/20260929T202609Z/pool/main/a/acorn/node-acorn_8.8.1+ds+~cs25.17.7-2_all.deb	5c6814cf6536892b3a93cc72a0a3792beb0d3f6be3d69f499ca7d764583479a9						/opt/hermes/node_modules/acorn/package.json@8.17.0
2010	acorn-bigint	1.0.0	present_exact	/usr/share/nodejs/acorn-bigint/package.json	acorn-bigint	1.0.0	d6b46d1b3116563ae14716e9002d44a703481e293ec84d75f848a592f9bcb049	10ef3398c9fd096bbb8b8cef85eef58e7f27d88d3dd1726fb5785d4988848c6a	3	node-acorn	8.8.1+ds+~cs25.17.7-2	acorn	True			https://snapshot.debian.org/archive/debian/20260929T202609Z/pool/main/a/acorn/node-acorn_8.8.1+ds+~cs25.17.7-2_all.deb	5c6814cf6536892b3a93cc72a0a3792beb0d3f6be3d69f499ca7d764583479a9						
2011	acorn-class-fields	1.0.0	present_exact	/usr/share/nodejs/acorn-class-fields/package.json	acorn-class-fields	1.0.0	e79669b40ad48002c4bbb9e8062a8733ca17ac87256deab66b7583b5f20bc5f0	88d8c9ad01a23b41a655ac06a2948b9443c68a137267a9538748c6d7b8c0a0d2	3	node-acorn	8.8.1+ds+~cs25.17.7-2	acorn	True			https://snapshot.debian.org/archive/debian/20260929T202609Z/pool/main/a/acorn/node-acorn_8.8.1+ds+~cs25.17.7-2_all.deb	5c6814cf6536892b3a93cc72a0a3792beb0d3f6be3d69f499ca7d764583479a9						
2012	acorn-dynamic-import	4.0.0	present_exact	/usr/share/nodejs/acorn-dynamic-import/package.json	acorn-dynamic-import	4.0.0	52359009b86fa4f2f936b68a79aa498908d31ac50bddf39200d004e21e985f92	bf95d358c3f0a69475ad2ef7d67bb6fba10ad126f993d7d36ce2e8c0addd3b72	5	node-acorn	8.8.1+ds+~cs25.17.7-2	acorn	True			https://snapshot.debian.org/archive/debian/20260929T202609Z/pool/main/a/acorn/node-acorn_8.8.1+ds+~cs25.17.7-2_all.deb	5c6814cf6536892b3a93cc72a0a3792beb0d3f6be3d69f499ca7d764583479a9						
2013	acorn-export-ns-from	0.2.0	present_exact	/usr/share/nodejs/acorn-export-ns-from/package.json	acorn-export-ns-from	0.2.0	79a208519fd335d691b5e0ba3a7a2311d1950e5626383658e0942b2fe8bf08fa	7f4630add75b0e9eaca456fe0ab296ff8ab9a690a458548c335f4e84f856d77d	4	node-acorn	8.8.1+ds+~cs25.17.7-2	acorn	True			https://snapshot.debian.org/archive/debian/20260929T202609Z/pool/main/a/acorn/node-acorn_8.8.1+ds+~cs25.17.7-2_all.deb	5c6814cf6536892b3a93cc72a0a3792beb0d3f6be3d69f499ca7d764583479a9						
2014	acorn-globals	6.0.0	present_exact	/usr/share/nodejs/acorn-globals/package.json	acorn-globals	6.0.0	ecaed45cf6fd434b98253773497916a8ee95add391dce97a0ad2a5c1c283c93c	2b9c5c62c510ff9e447de064870e69c582e3c58a1aff6cb8308c2dfbae4d297f	2	node-acorn	8.8.1+ds+~cs25.17.7-2	acorn	True			https://snapshot.debian.org/archive/debian/20260929T202609Z/pool/main/a/acorn/node-acorn_8.8.1+ds+~cs25.17.7-2_all.deb	5c6814cf6536892b3a93cc72a0a3792beb0d3f6be3d69f499ca7d764583479a9						
2015	acorn-import-assertions	1.8.0	present_exact	/usr/share/nodejs/acorn-import-assertions/package.json	acorn-import-assertions	1.8.0	e4a919464c07bfec33f4bfaecd9b50fe3c9786fcd3f10831debf8b5564a87173	7f143193d077a22abc89a064bdd91f4c9e8c5d6e5f74610236d8cd7580e041f3	4	node-acorn	8.8.1+ds+~cs25.17.7-2	acorn	True			https://snapshot.debian.org/archive/debian/20260929T202609Z/pool/main/a/acorn/node-acorn_8.8.1+ds+~cs25.17.7-2_all.deb	5c6814cf6536892b3a93cc72a0a3792beb0d3f6be3d69f499ca7d764583479a9						
2016	acorn-import-meta	1.1.0	present_exact	/usr/share/nodejs/acorn-import-meta/package.json	acorn-import-meta	1.1.0	1ff29b32ca05a2b29ee5cf684204de485113d807fd3756fc68467a2ef4ac0d09	e6dcd2444305da381db4bec5ee9e67090b9870708840127c4fe8190785837b7d	3	node-acorn	8.8.1+ds+~cs25.17.7-2	acorn	True			https://snapshot.debian.org/archive/debian/20260929T202609Z/pool/main/a/acorn/node-acorn_8.8.1+ds+~cs25.17.7-2_all.deb	5c6814cf6536892b3a93cc72a0a3792beb0d3f6be3d69f499ca7d764583479a9						
2017	acorn-jsx	5.3.1	present_exact	/usr/share/nodejs/acorn-jsx/package.json	acorn-jsx	5.3.1	1368df9293b7ba491615e9831a35e055b23f26edaffe0b2bfbfdc2592563b537	5338c7391539ba963943aa77c84d9dc5d1ec90e66bdb84ce705f138bac03c7c5	3	node-acorn	8.8.1+ds+~cs25.17.7-2	acorn	True			https://snapshot.debian.org/archive/debian/20260929T202609Z/pool/main/a/acorn/node-acorn_8.8.1+ds+~cs25.17.7-2_all.deb	5c6814cf6536892b3a93cc72a0a3792beb0d3f6be3d69f499ca7d764583479a9						/opt/hermes/node_modules/acorn-jsx/package.json@5.3.2
2019	acorn-loose	8.3.0	present_exact	/usr/share/nodejs/acorn-loose/package.json	acorn-loose	8.3.0	4dcce2f52a579448a020ddb107a453e25479a053e9e5328f69363fb9309f221a	ccccde98306f2425b642cedde2fbf9ae1f71f51ca52862bf196379c7a946badb	3	node-acorn	8.8.1+ds+~cs25.17.7-2	acorn	True			https://snapshot.debian.org/archive/debian/20260929T202609Z/pool/main/a/acorn/node-acorn_8.8.1+ds+~cs25.17.7-2_all.deb	5c6814cf6536892b3a93cc72a0a3792beb0d3f6be3d69f499ca7d764583479a9						
2020	acorn-node	2.0.1	present_exact	/usr/share/nodejs/acorn-node/package.json	acorn-node	2.0.1	cb05ad50a45b91e6b2e3318730bee4a372e470eabaf4c13adc3fd620ebfd85a9	64aec8245a4f83e7d75b5249e4b53f94ee8493363cafebf0572e999a33e79d9b	11	node-acorn	8.8.1+ds+~cs25.17.7-2	acorn	True			https://snapshot.debian.org/archive/debian/20260929T202609Z/pool/main/a/acorn/node-acorn_8.8.1+ds+~cs25.17.7-2_all.deb	5c6814cf6536892b3a93cc72a0a3792beb0d3f6be3d69f499ca7d764583479a9						
2021	acorn-numeric-separator	0.3.4	present_exact	/usr/share/nodejs/acorn-numeric-separator/package.json	acorn-numeric-separator	0.3.4	29fdbb141f6e15e2dfd2fd4418df5bf8bc6ff4b14df452dd3ec1a88c3cedaf7f	8af155719b712123c65914e1fed584816ce010f180adedbe81c5cb50e58f8d9b	7	node-acorn	8.8.1+ds+~cs25.17.7-2	acorn	True			https://snapshot.debian.org/archive/debian/20260929T202609Z/pool/main/a/acorn/node-acorn_8.8.1+ds+~cs25.17.7-2_all.deb	5c6814cf6536892b3a93cc72a0a3792beb0d3f6be3d69f499ca7d764583479a9						
2022	acorn-private-class-elements	1.0.0	present_exact	/usr/share/nodejs/acorn-private-class-elements/package.json	acorn-private-class-elements	1.0.0	353bbc5f6d3e3cd40cdbce26d9116b94c87efd263496cb4e7d5d8995e68a6f4b	b6a989eea9430d41450f598a7bed62b5fdafa6a0034132998cd0804affdd37b0	2	node-acorn	8.8.1+ds+~cs25.17.7-2	acorn	True			https://snapshot.debian.org/archive/debian/20260929T202609Z/pool/main/a/acorn/node-acorn_8.8.1+ds+~cs25.17.7-2_all.deb	5c6814cf6536892b3a93cc72a0a3792beb0d3f6be3d69f499ca7d764583479a9						
2023	acorn-private-methods	1.0.0	present_exact	/usr/share/nodejs/acorn-private-methods/package.json	acorn-private-methods	1.0.0	06416f1584ead2c1b94d939c1107b474ce3bd45ff230cd0cd64a5541760aa072	aaad5cbfdc9510baf61eafe963bd09fe2ab5d9b57cbc2aa4dafc31df49603aed	7	node-acorn	8.8.1+ds+~cs25.17.7-2	acorn	True			https://snapshot.debian.org/archive/debian/20260929T202609Z/pool/main/a/acorn/node-acorn_8.8.1+ds+~cs25.17.7-2_all.deb	5c6814cf6536892b3a93cc72a0a3792beb0d3f6be3d69f499ca7d764583479a9						
2024	acorn-static-class-features	1.0.0	present_exact	/usr/share/nodejs/acorn-static-class-features/package.json	acorn-static-class-features	1.0.0	6774c82da5098b4044df21fee662a0322abdd0ca9054fc5a54ac0804af301b09	01a3f5e0ff46c9d17d7d162e747a49dd7d57731aee0f4ffa28964d59345b6961	3	node-acorn	8.8.1+ds+~cs25.17.7-2	acorn	True			https://snapshot.debian.org/archive/debian/20260929T202609Z/pool/main/a/acorn/node-acorn_8.8.1+ds+~cs25.17.7-2_all.deb	5c6814cf6536892b3a93cc72a0a3792beb0d3f6be3d69f499ca7d764583479a9						
2025	acorn-walk	8.2.0	present_exact	/usr/share/nodejs/acorn-walk/package.json	acorn-walk	8.2.0	892c5917197d4177e7102e0016a9bef48ec6cb9b8c0069dfa02a6173e97d5241	827ef284cb67dc87c3998bdb00cf9bacba524435f8d1a747e23abbb775072cfa	4	node-acorn	8.8.1+ds+~cs25.17.7-2	acorn	True			https://snapshot.debian.org/archive/debian/20260929T202609Z/pool/main/a/acorn/node-acorn_8.8.1+ds+~cs25.17.7-2_all.deb	5c6814cf6536892b3a93cc72a0a3792beb0d3f6be3d69f499ca7d764583479a9						
2140	balanced-match	2.0.0	present_exact	/usr/share/nodejs/balanced-match/package.json	balanced-match	2.0.0	2353382d345b2047324e1a45090fa7c54ef1aa4058e1ca099dbc56d66706c59c	94d10200e365acd437fba8b1e687aa5b5e1fd3265b31cc929815b71de8e40a28	2	node-balanced-match	2.0.0-1	node-balanced-match	True			https://snapshot.debian.org/archive/debian/20260929T202609Z/pool/main/n/node-balanced-match/node-balanced-match_2.0.0-1_all.deb	98a1c466bff6baf6780c4b765ec665e684424bf7907439939b5fb1160ede039c						/opt/hermes/node_modules/balanced-match/package.json@4.0.4; /usr/local/lib/node_modules/npm/node_modules/balanced-match/package.json@4.0.4
2156	beep-boop	1.2.3	present_exact	/opt/hermes/plugins/platforms/photon/sidecar/node_modules/github-from-package/example/package.json	beep-boop	1.2.3	1b0a33ff4aad344b3d09605b854a4b5bcf1b79bef1dc821fc32d206ba7cc0cf8	5e4c157c0002b3e1cca0f1c24128369ab941d7da2e292acd642db77de4b2fbd3	2									github-from-package@0.0.0	/opt/hermes/plugins/platforms/photon/sidecar/node_modules/github-from-package	https://registry.npmjs.org/github-from-package/-/github-from-package-0.0.0.tgz	sha512-SyHy3T1v2NUXn29OsWdxmK6RwHD+vkj3v8en8AOBZ1wBQ/hCAQ5bAQTD02kW4W9tUp/3Qh6J8r9EvntiyCmOOw==	/opt/hermes/plugins/platforms/photon/sidecar/package-lock.json	
2161	binary-search	1.3.6	present_exact	/usr/share/nodejs/binary-search/package.json	binary-search	1.3.6	395274762aa9711371fa97581516a906dae05b169d5e1baff315069f5b4584c2	36b67664d1f597d64fe28e5e64fe23b65fee2d03b1f8bdcd2b2f3f12e2c75ed0	3	node-undici	7.3.0+dfsg1+~cs24.12.11-1	node-undici	True			https://snapshot.debian.org/archive/debian/20260929T202609Z/pool/main/n/node-undici/node-undici_7.3.0+dfsg1+~cs24.12.11-1_all.deb	7f10cf9c79cf4dae6c1117ca1c8181d2d4d184b82bbd59dd0eeec554994161c4						
2182	brace-expansion	2.0.1	present_exact	/usr/share/nodejs/brace-expansion/package.json	brace-expansion	2.0.1	4a9ae315ffc10674f4a71ea4465103e77426d86aeb2c23737607181f3f31344f	23ab8734e4400da4881b43ebdca9925393f9717b5ed0423843b1b30a7d7d1538	2	node-brace-expansion	2.0.1+~1.1.0-2	node-brace-expansion	True			https://snapshot.debian.org/archive/debian/20260929T202609Z/pool/main/n/node-brace-expansion/node-brace-expansion_2.0.1+~1.1.0-2_all.deb	c06d940bf95617cfd5c5ccbf0bf2ea864f41f36f317f21b4c8b21a3bf9668821						/opt/hermes/node_modules/brace-expansion/package.json@5.0.9; /usr/local/lib/node_modules/npm/node_modules/brace-expansion/package.json@5.0.6
2239	cjs-module-lexer	1.2.3	present_exact	/usr/share/nodejs/cjs-module-lexer/package.json	cjs-module-lexer	1.2.3	2e4163876e2ae8fa1190a00a026fc5408819ae44a43664069ba736b3b8de4a17	fa8662f300f3889730c09f99e91792757f1d339e3de10e63aee058d1cf12c69a	5	node-cjs-module-lexer	1.2.3+dfsg-1	node-cjs-module-lexer	True			https://snapshot.debian.org/archive/debian/20260929T202609Z/pool/main/n/node-cjs-module-lexer/node-cjs-module-lexer_1.2.3+dfsg-1_all.deb	db5edbd534306c633cd8c0639adb9fc723ec5c6961eee9f9721475db74474959						
2298	corepack	0.24.0	present_exact	/usr/share/nodejs/corepack/package.json	corepack	0.24.0	a51909facb840f2b726ac611276f9a7a4d2ed5fcdf743f570ddb19e4f9ee6766	cc814de697ef487e83d5091518182927bc8c688d253cf34076c3a162c70ff628	24	node-corepack	0.24.0-5	node-corepack	True			https://snapshot.debian.org/archive/debian/20260929T202609Z/pool/main/n/node-corepack/node-corepack_0.24.0-5_all.deb	76fc252799fe76c1dcd63d95cc556e11d5ac226902cf41c1963a2a45f830efa0						
3069	minimatch	9.0.3	present_exact	/usr/share/nodejs/minimatch/package.json	minimatch	9.0.3	e52ed8f9f97ce5f65702b1e6df5c072e747678acbb92a2c8374b31cda3f6e284	371255deeca7f569e78a26c85977a584e7dce0349db3f7c9d8ff0017d526e906	54	node-minimatch	9.0.3-6	node-minimatch	True			https://snapshot.debian.org/archive/debian/20260929T202609Z/pool/main/n/node-minimatch/node-minimatch_9.0.3-6_all.deb	732998416eadffcdbf4e7e697200eb28d42963d1540fff2a3b485b5499805db6						/opt/hermes/node_modules/minimatch/package.json@10.2.6; /usr/local/lib/node_modules/npm/node_modules/minimatch/package.json@10.2.5
3846	undici	7.3.0	present_exact	/usr/share/nodejs/undici/package.json	undici	7.3.0	2321842fd649cfa9ecc538a429e6743deeb010e7cb0ec27fdb08f4f81db35c46	05352ec906c5183dc18b20f7406f99a783b0860e8684a67efb77c87827bb6d69	106	node-undici	7.3.0+dfsg1+~cs24.12.11-1	node-undici	True			https://snapshot.debian.org/archive/debian/20260929T202609Z/pool/main/n/node-undici/node-undici_7.3.0+dfsg1+~cs24.12.11-1_all.deb	7f10cf9c79cf4dae6c1117ca1c8181d2d4d184b82bbd59dd0eeec554994161c4						/opt/hermes/plugins/platforms/photon/sidecar/node_modules/undici/package.json@7.29.0; /opt/hermes/ui-tui/node_modules/undici/package.json@6.28.0; /usr/local/lib/node_modules/npm/node_modules/undici/package.json@6.26.0
3848	undici-types	7.3.0	present_exact	/usr/share/nodejs/undici-types/package.json	undici-types	7.3.0	3318ccd208667ce021cd8c88ec045f9b31f80c43ebf0669600954f178129c16d	6d0b6869bddd03731ec2a5f535c7870bfe2b44f60216d8391fdb0a6413eef737	39	node-undici	7.3.0+dfsg1+~cs24.12.11-1	node-undici	True			https://snapshot.debian.org/archive/debian/20260929T202609Z/pool/main/n/node-undici/node-undici_7.3.0+dfsg1+~cs24.12.11-1_all.deb	7f10cf9c79cf4dae6c1117ca1c8181d2d4d184b82bbd59dd0eeec554994161c4						/opt/hermes/node_modules/undici-types/package.json@6.21.0
4075	xtend	4.0.2	present_exact	/usr/share/nodejs/xtend/package.json	xtend	4.0.2	b02ffef8cda96c5c3ee00a00390e63f608362c2ddfb3ed754e181d013a45d48a	6409aae6537e8a984d3623bd4c60c37b659d71ff5e0b788cef892c1683b8d613	3	node-xtend	4.0.2-3	node-xtend	True			https://snapshot.debian.org/archive/debian/20260929T202609Z/pool/main/n/node-xtend/node-xtend_4.0.2-3_all.deb	c64e37fbea40de012b59adbfa61e703b52c12713f34cbfd2d4049ebcc549f270						
