adduser	3.152	all
adwaita-icon-theme	48.1-1	all
apt	3.0.3	amd64
at-spi2-common	2.56.2-1+deb13u2	all
at-spi2-core	2.56.2-1+deb13u2	amd64
base-files	13.8+deb13u4	amd64
base-passwd	3.6.7	amd64
bash	5.2.37-2+b8	amd64
binutils	2.44-3	amd64
binutils-common:amd64	2.44-3	amd64
binutils-x86-64-linux-gnu	2.44-3	amd64
bsdutils	1:2.41-5	amd64
ca-certificates	20250419	all
chromium	154.0.8037.57-1~deb13u1	amd64
chromium-common	154.0.8037.57-1~deb13u1	amd64
cmake	3.31.6-2	amd64
cmake-data	3.31.6-2	all
coreutils	9.7-3	amd64
cpp	4:14.2.0-1	amd64
cpp-14	14.2.0-19	amd64
cpp-14-x86-64-linux-gnu	14.2.0-19	amd64
cpp-x86-64-linux-gnu	4:14.2.0-1	amd64
curl	8.14.1-2+deb13u4	amd64
dash	0.5.12-12	amd64
dbus	1.16.2-2	amd64
dbus-bin	1.16.2-2	amd64
dbus-daemon	1.16.2-2	amd64
dbus-session-bus-common	1.16.2-2	all
dbus-system-bus-common	1.16.2-2	all
dbus-user-session	1.16.2-2	amd64
dconf-gsettings-backend:amd64	0.40.0-5	amd64
dconf-service	0.40.0-5	amd64
debconf	1.5.91	all
debian-archive-keyring	2025.1	all
debianutils	5.23.2	amd64
diffutils	1:3.10-4	amd64
docker-cli	26.1.5+dfsg1-9+b13	amd64
dpkg	1.22.22	amd64
ffmpeg	7:7.1.5-0+deb13u1	amd64
findutils	4.10.0-3	amd64
fontconfig	2.15.0-2.3	amd64
fontconfig-config	2.15.0-2.3	amd64
fonts-dejavu-core	2.37-8	all
fonts-dejavu-mono	2.37-8	all
fonts-freefont-ttf	20211204+svn4273-2	all
fonts-ipafont-gothic	00303-23	all
fonts-liberation	1:2.1.5-3	all
fonts-noto-color-emoji	2.051-0+deb13u1	all
fonts-tlwg-loma-otf	1:0.7.3-1	all
fonts-unifont	1:15.1.01-1	all
fonts-wqy-zenhei	0.9.45-8	all
foot	1.21.0-2	amd64
g++	4:14.2.0-1	amd64
g++-14	14.2.0-19	amd64
g++-14-x86-64-linux-gnu	14.2.0-19	amd64
g++-x86-64-linux-gnu	4:14.2.0-1	amd64
gcc	4:14.2.0-1	amd64
gcc-14	14.2.0-19	amd64
gcc-14-base:amd64	14.2.0-19	amd64
gcc-14-x86-64-linux-gnu	14.2.0-19	amd64
gcc-x86-64-linux-gnu	4:14.2.0-1	amd64
git	1:2.47.3-0+deb13u1	amd64
git-man	1:2.47.3-0+deb13u1	all
grep	3.11-4	amd64
grim	1.4.0+ds-2+b1	amd64
gsettings-desktop-schemas	48.0-1	all
gtk-update-icon-cache	4.18.6+ds-2	amd64
gzip	1.13-1	amd64
hicolor-icon-theme	0.18-2	all
hostname	3.25	amd64
init-system-helpers	1.69~deb13u1	all
iproute2	6.15.0-1	amd64
iputils-ping	3:20240905-3	amd64
libacl1:amd64	2.3.2-2+b1	amd64
libaml0t64:amd64	0.3.0-3	amd64
libaom3:amd64	3.12.1-1	amd64
libapparmor1:amd64	4.1.0-1	amd64
libapt-pkg7.0:amd64	3.0.3	amd64
libarchive13t64:amd64	3.7.4-4+deb13u1	amd64
libasan8:amd64	14.2.0-19	amd64
libasound2-data	1.2.14-1	all
libasound2t64:amd64	1.2.14-1	amd64
libass9:amd64	1:0.17.3-1+deb13u1	amd64
libasyncns0:amd64	0.8-6+b5	amd64
libatk-bridge2.0-0t64:amd64	2.56.2-1+deb13u2	amd64
libatk1.0-0t64:amd64	2.56.2-1+deb13u2	amd64
libatomic1:amd64	14.2.0-19	amd64
libatspi2.0-0t64:amd64	2.56.2-1+deb13u2	amd64
libattr1:amd64	1:2.5.2-3	amd64
libaudit-common	1:4.0.2-2	all
libaudit1:amd64	1:4.0.2-2+b2	amd64
libavahi-client3:amd64	0.8-16	amd64
libavahi-common-data:amd64	0.8-16	amd64
libavahi-common3:amd64	0.8-16	amd64
libavc1394-0:amd64	0.5.4-5+b2	amd64
libavcodec61:amd64	7:7.1.5-0+deb13u1	amd64
libavdevice61:amd64	7:7.1.5-0+deb13u1	amd64
libavfilter10:amd64	7:7.1.5-0+deb13u1	amd64
libavformat61:amd64	7:7.1.5-0+deb13u1	amd64
libavutil59:amd64	7:7.1.5-0+deb13u1	amd64
libbinutils:amd64	2.44-3	amd64
libblas3:amd64	3.12.1-6	amd64
libblkid1:amd64	2.41-5	amd64
libbluray2:amd64	1:1.3.4-1+b2	amd64
libbpf1:amd64	1:1.5.0-3	amd64
libbrotli1:amd64	1.1.0-2+b7	amd64
libbs2b0:amd64	3.1.0+dfsg-8+b1	amd64
libbsd0:amd64	0.12.2-2	amd64
libbz2-1.0:amd64	1.0.8-6	amd64
libc-bin	2.41-12+deb13u3	amd64
libc-dev-bin	2.41-12+deb13u3	amd64
libc6-dev:amd64	2.41-12+deb13u3	amd64
libc6:amd64	2.41-12+deb13u3	amd64
libcaca0:amd64	0.99.beta20-5+deb13u1	amd64
libcairo-gobject2:amd64	1.18.4-1+b1	amd64
libcairo2:amd64	1.18.4-1+b1	amd64
libcap-ng0:amd64	0.8.5-4+b1	amd64
libcap2-bin	1:2.75-10+deb13u1+b3	amd64
libcap2:amd64	1:2.75-10+deb13u1+b3	amd64
libcares2:amd64	1.34.5-1+deb13u1	amd64
libcbor0.10:amd64	0.10.2-2	amd64
libcc1-0:amd64	14.2.0-19	amd64
libcdio-cdda2t64:amd64	10.2+2.0.2-1+b1	amd64
libcdio-paranoia2t64:amd64	10.2+2.0.2-1+b1	amd64
libcdio19t64:amd64	2.2.0-4.1~deb13u1	amd64
libchromaprint1:amd64	1.5.1-7	amd64
libcjson1:amd64	1.7.18-3.1+deb13u1	amd64
libcloudproviders0:amd64	0.3.6-2	amd64
libcodec2-1.2:amd64	1.2.0-3	amd64
libcolord2:amd64	1.4.7-3	amd64
libcom-err2:amd64	1.47.2-3+b11	amd64
libcrypt-dev:amd64	1:4.4.38-1	amd64
libcrypt1:amd64	1:4.4.38-1	amd64
libctf-nobfd0:amd64	2.44-3	amd64
libctf0:amd64	2.44-3	amd64
libcups2t64:amd64	2.4.10-3+deb13u2	amd64
libcurl3t64-gnutls:amd64	8.14.1-2+deb13u4	amd64
libcurl4t64:amd64	8.14.1-2+deb13u4	amd64
libdatrie1:amd64	0.2.13-3+b1	amd64
libdav1d7:amd64	1.5.1-1	amd64
libdb5.3t64:amd64	5.3.28+dfsg2-9	amd64
libdbus-1-3:amd64	1.16.2-2	amd64
libdc1394-25:amd64	2.2.6-5	amd64
libdconf1:amd64	0.40.0-5	amd64
libdebconfclient0:amd64	0.280	amd64
libdecor-0-0:amd64	0.2.2-2	amd64
libdeflate0:amd64	1.23-2	amd64
libdisplay-info2:amd64	0.2.0-2	amd64
libdouble-conversion3:amd64	3.3.1-1	amd64
libdrm-amdgpu1:amd64	2.4.124-2	amd64
libdrm-common	2.4.124-2	all
libdrm-intel1:amd64	2.4.124-2	amd64
libdrm2:amd64	2.4.124-2	amd64
libdvdnav4:amd64	6.1.1-3+b1	amd64
libdvdread8t64:amd64	6.1.3-2	amd64
libedit2:amd64	3.1-20250104-1	amd64
libegl-mesa0:amd64	25.0.7-2+deb13u1	amd64
libegl1:amd64	1.7.0-1+b2	amd64
libelf1t64:amd64	0.192-4	amd64
libepoxy0:amd64	1.5.10-2	amd64
liberror-perl	0.17030-1	all
libevdev2:amd64	1.13.4+dfsg-1	amd64
libexpat1-dev:amd64	2.8.2-1~deb13u1	amd64
libexpat1:amd64	2.8.2-1~deb13u1	amd64
libfcft4t64	3.3.1-1	amd64
libffi-dev:amd64	3.4.8-2	amd64
libffi8:amd64	3.4.8-2	amd64
libfftw3-double3:amd64	3.3.10-2+b1	amd64
libfido2-1:amd64	1.15.0-1+b1	amd64
libflac14:amd64	1.5.0+ds-2	amd64
libflite1:amd64	2.2-7	amd64
libfontconfig1:amd64	2.15.0-2.3	amd64
libfontenc1:amd64	1:1.1.8-1+b2	amd64
libfreetype6:amd64	2.13.3+dfsg-1+deb13u1	amd64
libfribidi0:amd64	1.0.16-1	amd64
libgbm1:amd64	25.0.7-2+deb13u1	amd64
libgcc-14-dev:amd64	14.2.0-19	amd64
libgcc-s1:amd64	14.2.0-19	amd64
libgcrypt20:amd64	1.11.0-7+deb13u1	amd64
libgdbm-compat4t64:amd64	1.24-2	amd64
libgdbm6t64:amd64	1.24-2	amd64
libgdk-pixbuf-2.0-0:amd64	2.42.12+dfsg-4+deb13u1	amd64
libgdk-pixbuf2.0-common	2.42.12+dfsg-4+deb13u1	all
libgfortran5:amd64	14.2.0-19	amd64
libgl1-mesa-dri:amd64	25.0.7-2+deb13u1	amd64
libgl1:amd64	1.7.0-1+b2	amd64
libgles2:amd64	1.7.0-1+b2	amd64
libglib2.0-0t64:amd64	2.84.4-3~deb13u3	amd64
libglvnd0:amd64	1.7.0-1+b2	amd64
libglx-mesa0:amd64	25.0.7-2+deb13u1	amd64
libglx0:amd64	1.7.0-1+b2	amd64
libgme0:amd64	0.6.3-7+b2	amd64
libgmp10:amd64	2:6.3.0+dfsg-3	amd64
libgnutls30t64:amd64	3.8.9-3+deb13u4	amd64
libgomp1:amd64	14.2.0-19	amd64
libgpg-error0:amd64	1.51-4	amd64
libgprofng0:amd64	2.44-3	amd64
libgraphite2-3:amd64	1.3.14-2+deb13u1	amd64
libgsm1:amd64	1.0.22-1+b2	amd64
libgssapi-krb5-2:amd64	1.21.3-5+deb13u1	amd64
libgtk-3-0t64:amd64	3.24.49-3	amd64
libgtk-3-common	3.24.49-3	all
libgudev-1.0-0:amd64	238-6	amd64
libharfbuzz-subset0:amd64	10.2.0-1+deb13u1	amd64
libharfbuzz0b:amd64	10.2.0-1+deb13u1	amd64
libhogweed6t64:amd64	3.10.1-1	amd64
libhwasan0:amd64	14.2.0-19	amd64
libhwy1t64:amd64	1.2.0-2+b2	amd64
libice6:amd64	2:1.1.1-1	amd64
libicu76:amd64	76.1-4	amd64
libidn2-0:amd64	2.3.8-2	amd64
libiec61883-0:amd64	1.2.0-7	amd64
libinput-bin	1.28.1-1+deb13u1	amd64
libinput10:amd64	1.28.1-1+deb13u1	amd64
libisl23:amd64	0.27-1	amd64
libitm1:amd64	14.2.0-19	amd64
libjack-jackd2-0:amd64	1.9.22~dfsg-4	amd64
libjansson4:amd64	2.14-2+b3	amd64
libjbig0:amd64	2.1-6.1+b2	amd64
libjpeg62-turbo:amd64	1:2.1.5-4	amd64
libjs-jquery	3.6.1+dfsg+~3.5.14-1	all
libjs-sphinxdoc	8.1.3-5	all
libjs-underscore	1.13.4~dfsg+~1.11.4-3	all
libjson-c5:amd64	0.18+ds-1	amd64
libjsoncpp26:amd64	1.9.6-3	amd64
libjxl0.11:amd64	0.11.2-0.1~deb13u2	amd64
libk5crypto3:amd64	1.21.3-5+deb13u1	amd64
libkeyutils1:amd64	1.6.3-6	amd64
libkrb5-3:amd64	1.21.3-5+deb13u1	amd64
libkrb5support0:amd64	1.21.3-5+deb13u1	amd64
liblapack3:amd64	3.12.1-6	amd64
liblastlog2-2:amd64	2.41-5	amd64
liblcms2-2:amd64	2.16-2+deb13u2	amd64
libldap2:amd64	2.6.10+dfsg-1	amd64
liblerc4:amd64	4.0.0+ds-5	amd64
libliftoff0:amd64	0.5.0-1.1	amd64
liblilv-0-0:amd64	0.24.26-1	amd64
libllvm19:amd64	1:19.1.7-3+b1	amd64
liblsan0:amd64	14.2.0-19	amd64
liblz4-1:amd64	1.10.0-4	amd64
liblzma5:amd64	5.8.1-1+deb13u1	amd64
libmbedcrypto16:amd64	3.6.5-0.1~deb13u1	amd64
libmd0:amd64	1.1.0-2+b1	amd64
libminizip1t64:amd64	1:1.3.dfsg+really1.3.1-1+b1	amd64
libmnl0:amd64	1.0.5-3	amd64
libmount1:amd64	2.41-5	amd64
libmp3lame0:amd64	3.100-6+b3	amd64
libmpc3:amd64	1.3.1-1+b3	amd64
libmpfr6:amd64	4.2.2-1	amd64
libmpg123-0t64:amd64	1.32.10-1+deb13u1	amd64
libmtdev1t64:amd64	1.1.7-1	amd64
libmysofa1:amd64	1.3.3+dfsg-1	amd64
libncursesw6:amd64	6.5+20250216-2	amd64
libneatvnc0:amd64	0.9.1+dfsg-1	amd64
libnettle8t64:amd64	3.10.1-1	amd64
libnghttp2-14:amd64	1.64.0-1.1+deb13u1	amd64
libnghttp3-9:amd64	1.8.0-1	amd64
libngtcp2-16:amd64	1.11.0-1+deb13u1	amd64
libngtcp2-crypto-gnutls8:amd64	1.11.0-1+deb13u1	amd64
libnode115:amd64	20.19.2+dfsg-1+deb13u3	amd64
libnorm1t64:amd64	1.5.9+dfsg-3.1+b2	amd64
libnspr4:amd64	2:4.36-1	amd64
libnss3:amd64	2:3.110-1+deb13u4	amd64
libnuma1:amd64	2.0.19-1	amd64
libogg0:amd64	1.3.5-3+b2	amd64
libolm-dev:amd64	3.2.16+dfsg-3	amd64
libolm3:amd64	3.2.16+dfsg-3	amd64
libopenal-data	1:1.24.2-1	all
libopenal1:amd64	1:1.24.2-1	amd64
libopenh264-8:amd64	2.6.0+dfsg-2	amd64
libopenjp2-7:amd64	2.5.3-2.1~deb13u2	amd64
libopenmpt0t64:amd64	0.7.13-1+b1	amd64
libopus0:amd64	1.5.2-2	amd64
libp11-kit0:amd64	0.25.5-3	amd64
libpam-modules-bin	1.7.0-5	amd64
libpam-modules:amd64	1.7.0-5	amd64
libpam-runtime	1.7.0-5	all
libpam-systemd:amd64	257.13-1~deb13u1	amd64
libpam0g:amd64	1.7.0-5	amd64
libpango-1.0-0:amd64	1.56.3-1	amd64
libpangocairo-1.0-0:amd64	1.56.3-1	amd64
libpangoft2-1.0-0:amd64	1.56.3-1	amd64
libpciaccess0:amd64	0.17-3+b3	amd64
libpcre2-8-0:amd64	10.46-1~deb13u1	amd64
libperl5.40:amd64	5.40.1-6	amd64
libpgm-5.3-0t64:amd64	5.3.128~dfsg-2.1+b1	amd64
libpixman-1-0:amd64	0.44.0-3	amd64
libpkgconf3:amd64	1.8.1-4	amd64
libplacebo349:amd64	7.349.0-3	amd64
libpng16-16t64:amd64	1.6.48-1+deb13u5	amd64
libpocketsphinx3:amd64	0.8+5prealpha+1-15+b4	amd64
libpostproc58:amd64	7:7.1.5-0+deb13u1	amd64
libproc2-0:amd64	2:4.0.4-9	amd64
libpsl5t64:amd64	0.21.2-1.1+b1	amd64
libpulse0:amd64	17.0+dfsg1-2+b1	amd64
libpython3-dev:amd64	3.13.5-1	amd64
libpython3-stdlib:amd64	3.13.5-1	amd64
libpython3.13-dev:amd64	3.13.5-2+deb13u4	amd64
libpython3.13-minimal:amd64	3.13.5-2+deb13u4	amd64
libpython3.13-stdlib:amd64	3.13.5-2+deb13u4	amd64
libpython3.13:amd64	3.13.5-2+deb13u4	amd64
libquadmath0:amd64	14.2.0-19	amd64
librabbitmq4:amd64	0.15.0-1+deb13u1	amd64
librav1e0.7:amd64	0.7.1-9+b2	amd64
libraw1394-11:amd64	2.1.2-2+b2	amd64
libreadline8t64:amd64	8.2-6	amd64
librhash1:amd64	1.4.5-1	amd64
librist4:amd64	0.2.11+dfsg-1	amd64
librsvg2-2:amd64	2.60.0+dfsg-1	amd64
librtmp1:amd64	2.4+20151223.gitfa8646d.1-2+b5	amd64
librubberband2:amd64	3.3.0+dfsg-2+b3	amd64
libsamplerate0:amd64	0.2.2-4+b2	amd64
libsasl2-2:amd64	2.1.28+dfsg1-9	amd64
libsasl2-modules-db:amd64	2.1.28+dfsg1-9	amd64
libsdl2-2.0-0:amd64	2.32.4+dfsg-1	amd64
libseat1:amd64	0.9.1-1	amd64
libseccomp2:amd64	2.6.0-2	amd64
libselinux1:amd64	3.8.1-1	amd64
libsemanage-common	3.8.1-1	all
libsemanage2:amd64	3.8.1-1	amd64
libsensors-config	1:3.6.2-2	all
libsensors5:amd64	1:3.6.2-2	amd64
libsepol2:amd64	3.8.1-1	amd64
libserd-0-0:amd64	0.32.4-1	amd64
libsframe1:amd64	2.44-3	amd64
libsharpyuv0:amd64	1.5.0-0.1	amd64
libshine3:amd64	3.1.1-2+b2	amd64
libslang2:amd64	2.3.3-5+b2	amd64
libsm6:amd64	2:1.2.6-1	amd64
libsmartcols1:amd64	2.41-5	amd64
libsnappy1v5:amd64	1.2.2-1	amd64
libsndfile1:amd64	1.2.2-2+deb13u1	amd64
libsodium23:amd64	1.0.18-1+deb13u1	amd64
libsord-0-0:amd64	0.16.18-1	amd64
libsoxr0:amd64	0.1.3-4+b2	amd64
libspeex1:amd64	1.2.1-3	amd64
libsphinxbase3t64:amd64	0.8+5prealpha+1-21+b1	amd64
libsqlite3-0:amd64	3.46.1-7+deb13u1	amd64
libsratom-0-0:amd64	0.6.18-1	amd64
libsrt1.5-gnutls:amd64	1.5.4-1	amd64
libssh-4:amd64	0.11.2-1+deb13u1	amd64
libssh2-1t64:amd64	1.11.1-1+deb13u1	amd64
libssl3t64:amd64	3.5.7-1~deb13u2	amd64
libstdc++-14-dev:amd64	14.2.0-19	amd64
libstdc++6:amd64	14.2.0-19	amd64
libsvtav1enc2:amd64	2.3.0+dfsg-1	amd64
libswresample5:amd64	7:7.1.5-0+deb13u1	amd64
libswscale8:amd64	7:7.1.5-0+deb13u1	amd64
libsystemd-shared:amd64	257.13-1~deb13u1	amd64
libsystemd0:amd64	257.13-1~deb13u1	amd64
libtasn1-6:amd64	4.20.0-2+deb13u1	amd64
libthai-data	0.1.29-2	all
libthai0:amd64	0.1.29-2+b1	amd64
libtheoradec1:amd64	1.2.0~alpha1+dfsg-6	amd64
libtheoraenc1:amd64	1.2.0~alpha1+dfsg-6	amd64
libtiff6:amd64	4.7.0-3+deb13u3	amd64
libtinfo6:amd64	6.5+20250216-2	amd64
libtirpc-common	1.3.6+ds-1	all
libtirpc3t64:amd64	1.3.6+ds-1	amd64
libtsan2:amd64	14.2.0-19	amd64
libturbojpeg0:amd64	1:2.1.5-4	amd64
libtwolame0:amd64	0.4.0-2+b2	amd64
libubsan1:amd64	14.2.0-19	amd64
libudev1:amd64	257.13-1~deb13u1	amd64
libudfread0:amd64	1.1.2-1+b2	amd64
libunibreak6:amd64	6.1-3	amd64
libunistring5:amd64	1.3-2	amd64
libunwind8:amd64	1.8.1-0.1	amd64
libusb-1.0-0:amd64	2:1.0.28-1	amd64
libutf8proc3:amd64	2.9.0-1+b2	amd64
libuuid1:amd64	2.41-5	amd64
libuv1t64:amd64	1.50.0-2	amd64
libva-drm2:amd64	2.22.0-3	amd64
libva-x11-2:amd64	2.22.0-3	amd64
libva2:amd64	2.22.0-3	amd64
libvdpau1:amd64	1.5-3+b1	amd64
libvidstab1.1:amd64	1.1.0-2+b2	amd64
libvorbis0a:amd64	1.3.7-3	amd64
libvorbisenc2:amd64	1.3.7-3	amd64
libvorbisfile3:amd64	1.3.7-3	amd64
libvpl2	1:2.14.0-1+b1	amd64
libvpx9:amd64	1.15.0-2.1+deb13u1	amd64
libvulkan1:amd64	1.4.309.0-1	amd64
libwacom-common	2.14.0-1	all
libwacom9:amd64	2.14.0-1	amd64
libwayland-client0:amd64	1.23.1-3	amd64
libwayland-cursor0:amd64	1.23.1-3	amd64
libwayland-egl1:amd64	1.23.1-3	amd64
libwayland-server0:amd64	1.23.1-3	amd64
libwebp7:amd64	1.5.0-0.1	amd64
libwebpmux3:amd64	1.5.0-0.1	amd64
libwlroots-0.18:amd64	0.18.2-3	amd64
libx11-6:amd64	2:1.8.12-1	amd64
libx11-data	2:1.8.12-1	all
libx11-xcb1:amd64	2:1.8.12-1	amd64
libx264-164:amd64	2:0.164.3108+git31e19f9-2+b1	amd64
libx265-215:amd64	4.1-2	amd64
libxau6:amd64	1:1.0.11-1	amd64
libxaw7:amd64	2:1.0.16-1	amd64
libxcb-composite0:amd64	1.17.0-2+b1	amd64
libxcb-dri3-0:amd64	1.17.0-2+b1	amd64
libxcb-errors0:amd64	1.0.1-4	amd64
libxcb-ewmh2:amd64	0.4.2-1	amd64
libxcb-glx0:amd64	1.17.0-2+b1	amd64
libxcb-icccm4:amd64	0.4.2-1	amd64
libxcb-present0:amd64	1.17.0-2+b1	amd64
libxcb-randr0:amd64	1.17.0-2+b1	amd64
libxcb-render-util0:amd64	0.3.10-1	amd64
libxcb-render0:amd64	1.17.0-2+b1	amd64
libxcb-res0:amd64	1.17.0-2+b1	amd64
libxcb-shape0:amd64	1.17.0-2+b1	amd64
libxcb-shm0:amd64	1.17.0-2+b1	amd64
libxcb-sync1:amd64	1.17.0-2+b1	amd64
libxcb-xfixes0:amd64	1.17.0-2+b1	amd64
libxcb-xinput0:amd64	1.17.0-2+b1	amd64
libxcb1:amd64	1.17.0-2+b1	amd64
libxcomposite1:amd64	1:0.4.6-1	amd64
libxcursor1:amd64	1:1.2.3-1	amd64
libxcvt0:amd64	0.1.3-1	amd64
libxdamage1:amd64	1:1.1.6-1+b2	amd64
libxdmcp6:amd64	1:1.1.5-1	amd64
libxext6:amd64	2:1.3.4-1+b3	amd64
libxfixes3:amd64	1:6.0.0-2+b4	amd64
libxfont2:amd64	1:2.0.6-1+deb13u1	amd64
libxft2:amd64	2.3.6-1+b4	amd64
libxi6:amd64	2:1.8.2-1	amd64
libxinerama1:amd64	2:1.1.4-3+b4	amd64
libxkbcommon0:amd64	1.7.0-2	amd64
libxkbfile1:amd64	1:1.1.0-1+b4	amd64
libxml2:amd64	2.12.7+dfsg+really2.9.14-2.1+deb13u3	amd64
libxmu6:amd64	2:1.1.3-3+b4	amd64
libxmuu1:amd64	2:1.1.3-3+b4	amd64
libxnvctrl0:amd64	535.171.04-1+b2	amd64
libxpm4:amd64	1:3.5.17-1+deb13u1	amd64
libxrandr2:amd64	2:1.5.4-1+b3	amd64
libxrender1:amd64	1:0.9.12-1	amd64
libxshmfence1:amd64	1.3.3-1	amd64
libxss1:amd64	1:1.2.3-1+b3	amd64
libxt6t64:amd64	1:1.2.1-1.2+b2	amd64
libxtables12:amd64	1.8.11-2	amd64
libxtst6:amd64	2:1.2.5-1	amd64
libxv1:amd64	2:1.0.11-1.1+b3	amd64
libxvidcore4:amd64	2:1.3.7-1+b2	amd64
libxxf86dga1:amd64	2:1.1.5-1+b3	amd64
libxxf86vm1:amd64	1:1.1.4-1+b4	amd64
libxxhash0:amd64	0.8.3-2	amd64
libyaml-0-2:amd64	0.2.5-2	amd64
libz3-4:amd64	4.13.3-1	amd64
libzimg2:amd64	3.0.5+ds1-1+b2	amd64
libzix-0-0:amd64	0.6.2-1	amd64
libzmq5:amd64	4.3.5-1+b3	amd64
libzstd1:amd64	1.5.7+dfsg-1	amd64
libzvbi-common	0.2.44-1	all
libzvbi0t64:amd64	0.2.44-1	amd64
linux-libc-dev	6.12.100-1	all
login	1:4.16.0-2+really2.41-5	amd64
login.defs	1:4.17.4-2	all
make	4.4.1-2	amd64
mawk	1.3.4.20250131-1	amd64
media-types	13.0.0	all
mesa-libgallium:amd64	25.0.7-2+deb13u1	amd64
mount	2.41-5	amd64
ncurses-base	6.5+20250216-2	all
ncurses-bin	6.5+20250216-2	amd64
ncurses-term	6.5+20250216-2	all
net-tools	2.10-1.3	amd64
netbase	6.5	all
nginx	1.26.3-3+deb13u9	amd64
nginx-common	1.26.3-3+deb13u9	all
node-acorn	8.8.1+ds+~cs25.17.7-2	all
node-balanced-match	2.0.0-1	all
node-brace-expansion	2.0.1+~1.1.0-2	all
node-cjs-module-lexer	1.2.3+dfsg-1	all
node-corepack	0.24.0-5	all
node-minimatch	9.0.3-6	all
node-undici	7.3.0+dfsg1+~cs24.12.11-1	all
node-xtend	4.0.2-3	all
nodejs	20.19.2+dfsg-1+deb13u3	amd64
novnc	1:1.6.0-2	all
ocl-icd-libopencl1:amd64	2.3.3-1	amd64
openssh-client	1:10.0p1-7+deb13u4	amd64
openssl	3.5.7-1~deb13u2	amd64
openssl-provider-legacy	3.5.7-1~deb13u2	amd64
passwd	1:4.17.4-2	amd64
perl	5.40.1-6	amd64
perl-base	5.40.1-6	amd64
perl-modules-5.40	5.40.1-6	all
pkg-config:amd64	1.8.1-4	amd64
pkgconf-bin	1.8.1-4	amd64
pkgconf:amd64	1.8.1-4	amd64
procps	2:4.0.4-9	amd64
python-is-python3	3.13.3-1	all
python3	3.13.5-1	amd64
python3-bcrypt	4.2.0-2.1+b1	amd64
python3-certifi	2025.1.31+ds-1	all
python3-cffi-backend:amd64	1.17.1-3	amd64
python3-chardet	5.2.0+dfsg-2	all
python3-charset-normalizer	3.4.2-1	amd64
python3-cryptography	43.0.0-3+deb13u1	amd64
python3-deprecated	1.2.18-1	all
python3-dev	3.13.5-1	amd64
python3-idna	3.10-1+deb13u1	all
python3-jwcrypto	1.5.6-1.1~deb13u1	all
python3-minimal	3.13.5-1	amd64
python3-numpy	1:2.2.4+ds-1	amd64
python3-numpy-dev:amd64	1:2.2.4+ds-1	amd64
python3-pip-whl	25.1.1+dfsg-1	all
python3-redis	6.1.0-2	all
python3-requests	2.32.3+dfsg-5+deb13u1	all
python3-setuptools-whl	78.1.1-0.1	all
python3-typing-extensions	4.13.2-1	all
python3-urllib3	2.3.0-3+deb13u2	all
python3-venv	3.13.5-1	amd64
python3-websockify	0.12.0+dfsg1-4+b1	amd64
python3-wrapt	1.15.0-4+b1	amd64
python3-yaml	6.0.2-1+b2	amd64
python3.13	3.13.5-2+deb13u4	amd64
python3.13-dev	3.13.5-2+deb13u4	amd64
python3.13-minimal	3.13.5-2+deb13u4	amd64
python3.13-venv	3.13.5-2+deb13u4	amd64
readline-common	8.2-6	all
ripgrep	14.1.1-1+b4	amd64
rpcsvc-proto	1.4.3-1	amd64
seatd	0.9.1-1	amd64
sed	4.9-2	amd64
shared-mime-info	2.4-5+b2	amd64
sqv	1.3.0-3+b2	amd64
sway	1.10.1-2	amd64
swaybg	1.2.1-1	amd64
systemd	257.13-1~deb13u1	amd64
systemd-sysv	257.13-1~deb13u1	amd64
sysvinit-utils	3.14-4	amd64
tar	1.35+dfsg-3.1	amd64
tzdata	2026a-0+deb13u1	all
util-linux	2.41-5	amd64
wayvnc	0.9.1-1	amd64
websockify	0.12.0+dfsg1-4+b1	amd64
wl-clipboard	2.2.1-2	amd64
wtype	0.4-3	amd64
x11-common	1:7.7+24+deb13u1	all
x11-utils	7.7+7	amd64
x11-xkb-utils	7.7+9	amd64
xdg-utils	1.2.1-2	all
xfonts-encodings	1:1.0.4-2.2	all
xfonts-scalable	1:1.0.3-1.3	all
xfonts-utils	1:7.7+7	amd64
xkb-data	2.42-1	all
xserver-common	2:21.1.16-1.3+deb13u3	all
xvfb	2:21.1.16-1.3+deb13u3	amd64
xwayland	2:24.1.6-1	amd64
xz-utils	5.8.1-1+deb13u1	amd64
zlib1g-dev:amd64	1:1.3.dfsg+really1.3.1-1+b1	amd64
zlib1g:amd64	1:1.3.dfsg+really1.3.1-1+b1	amd64
