# package	version	architecture	change	base_version	suite	url	sha256	size
adwaita-icon-theme	48.1-1	all	added	-	trixie	https://snapshot.debian.org/archive/debian/20260929T202609Z/pool/main/a/adwaita-icon-theme/adwaita-icon-theme_48.1-1_all.deb	f60b0577aee314d43d6908ca7f0b8f07dc48e2bb766e7e25035330817e0e827c	504356
chromium	154.0.8037.57-1~deb13u1	amd64	added	-	trixie-security	https://snapshot.debian.org/archive/debian-security/20260929T215738Z/pool/updates/main/c/chromium/chromium_154.0.8037.57-1~deb13u1_amd64.deb	d70bab9fbcb7bfbb7227b9510fb5cf1f7290bd6d6af3dd168b19ba4cc9b8035d	90587876
chromium-common	154.0.8037.57-1~deb13u1	amd64	added	-	trixie-security	https://snapshot.debian.org/archive/debian-security/20260929T215738Z/pool/updates/main/c/chromium/chromium-common_154.0.8037.57-1~deb13u1_amd64.deb	8adc7a808ab393bd9f38855c8ad15757be8896eae36afc86728776a02c0794a7	30613260
gtk-update-icon-cache	4.18.6+ds-2	amd64	added	-	trixie	https://snapshot.debian.org/archive/debian/20260929T202609Z/pool/main/g/gtk4/gtk-update-icon-cache_4.18.6+ds-2_amd64.deb	88378a48ac07d253fb9bf0503dfbfbee2037ed9cd83eeff1df398801ab183125	52700
hicolor-icon-theme	0.18-2	all	added	-	trixie	https://snapshot.debian.org/archive/debian/20260929T202609Z/pool/main/h/hicolor-icon-theme/hicolor-icon-theme_0.18-2_all.deb	d91fef83a186d3fc9fff293bfd7da4f684f736d15459d258a5a0d251168c1a35	11832
libcloudproviders0	0.3.6-2	amd64	added	-	trixie	https://snapshot.debian.org/archive/debian/20260929T202609Z/pool/main/libc/libcloudproviders/libcloudproviders0_0.3.6-2_amd64.deb	a626bb23ed9ebc4bc3ce446b552048de63d76768bf0fb492754965c5ee28a7e4	29232
libcolord2	1.4.7-3	amd64	added	-	trixie	https://snapshot.debian.org/archive/debian/20260929T202609Z/pool/main/c/colord/libcolord2_1.4.7-3_amd64.deb	f11fd3b492781122edf0790f1e1fe24c51a41c67d4bb76cff84a9426c5654fa7	139204
libdouble-conversion3	3.3.1-1	amd64	added	-	trixie	https://snapshot.debian.org/archive/debian/20260929T202609Z/pool/main/d/double-conversion/libdouble-conversion3_3.3.1-1_amd64.deb	bd43b8c185a78d108548b30da6a695aabb6644ce0dd266892da2d10cfe471067	41816
libgtk-3-0t64	3.24.49-3	amd64	added	-	trixie	https://snapshot.debian.org/archive/debian/20260929T202609Z/pool/main/g/gtk+3.0/libgtk-3-0t64_3.24.49-3_amd64.deb	4aa8828f01365f937f3bf69f812c8107ee4c8a2b208ffdd7656e8de5de81d98f	2768812
libgtk-3-common	3.24.49-3	all	added	-	trixie	https://snapshot.debian.org/archive/debian/20260929T202609Z/pool/main/g/gtk+3.0/libgtk-3-common_3.24.49-3_all.deb	9161bd6b9933384073ac5bacd6a3bb1e2998877a605411d73041fb0b7fadd605	4908188
libharfbuzz-subset0	10.2.0-1+deb13u1	amd64	added	-	trixie	https://snapshot.debian.org/archive/debian/20260929T202609Z/pool/main/h/harfbuzz/libharfbuzz-subset0_10.2.0-1+deb13u1_amd64.deb	2d0de8588408af221927b372c3c8d439d638a0a8abb549660ed5813ab529e6bc	559548
libminizip1t64	1:1.3.dfsg+really1.3.1-1+b1	amd64	added	-	trixie	https://snapshot.debian.org/archive/debian/20260929T202609Z/pool/main/z/zlib/libminizip1t64_1.3.dfsg+really1.3.1-1+b1_amd64.deb	9682faa260b02c865790f02089a755cb19b4b9100d91d3adb11da090709ad5d2	53324
libopenh264-8	2.6.0+dfsg-2	amd64	added	-	trixie	https://snapshot.debian.org/archive/debian/20260929T202609Z/pool/main/o/openh264/libopenh264-8_2.6.0+dfsg-2_amd64.deb	d1ced361cc6053f8b1eaf1cb3095085a1645491819131919d900ad1e1922643b	395464
libxft2	2.3.6-1+b4	amd64	added	-	trixie	https://snapshot.debian.org/archive/debian/20260929T202609Z/pool/main/x/xft/libxft2_2.3.6-1+b4_amd64.deb	0226da7b9186ab7a9f78efcbbefa7ce3b3b398745e1909e124a3d58471fa0edc	54516
libxinerama1	2:1.1.4-3+b4	amd64	added	-	trixie	https://snapshot.debian.org/archive/debian/20260929T202609Z/pool/main/libx/libxinerama/libxinerama1_1.1.4-3+b4_amd64.deb	49d4e1628960407b8be2880a42428e7629801715a8a5697d42c0b0ca0a479911	15992
libxmuu1	2:1.1.3-3+b4	amd64	added	-	trixie	https://snapshot.debian.org/archive/debian/20260929T202609Z/pool/main/libx/libxmu/libxmuu1_1.1.3-3+b4_amd64.deb	6b5f537905421599e962a8cec68c84f06d506e143fc70b0b570380b3c4901678	21896
libxnvctrl0	535.171.04-1+b2	amd64	added	-	trixie	https://snapshot.debian.org/archive/debian/20260929T202609Z/pool/main/libx/libxnvctrl/libxnvctrl0_535.171.04-1+b2_amd64.deb	0f53cff5c3d0395635bcabd626ac85f6a74d2dac21963c4955396f24bfc73db8	14172
libxxf86dga1	2:1.1.5-1+b3	amd64	added	-	trixie	https://snapshot.debian.org/archive/debian/20260929T202609Z/pool/main/libx/libxxf86dga/libxxf86dga1_1.1.5-1+b3_amd64.deb	5585791fed815875b6d9cfbcd48a4df454472696c5b1b6d4240b6c53d80d75b2	20780
x11-utils	7.7+7	amd64	added	-	trixie	https://snapshot.debian.org/archive/debian/20260929T202609Z/pool/main/x/x11-utils/x11-utils_7.7+7_amd64.deb	239d8a87b464cbe370d63029820218a52c5bfa1f0dfeb74f7cfe7d0df017046b	181524
xdg-utils	1.2.1-2	all	added	-	trixie	https://snapshot.debian.org/archive/debian/20260929T202609Z/pool/main/x/xdg-utils/xdg-utils_1.2.1-2_all.deb	01dd31db093f1e810824519200112ec3fd447ba0341f7213244525eaa289355e	75840
