adwaita-icon-theme	48.1-1	adwaita-icon-theme	48.1-1	13448
chromium	154.0.8037.57-1~deb13u1	chromium	154.0.8037.57-1~deb13u1	319700
chromium-common	154.0.8037.57-1~deb13u1	chromium	154.0.8037.57-1~deb13u1	65876
gtk-update-icon-cache	4.18.6+ds-2	gtk4	4.18.6+ds-2	113
hicolor-icon-theme	0.18-2	hicolor-icon-theme	0.18-2	780
libcloudproviders0:amd64	0.3.6-2	libcloudproviders	0.3.6-2	116
libcolord2:amd64	1.4.7-3	colord	1.4.7-3	625
libdouble-conversion3:amd64	3.3.1-1	double-conversion	3.3.1-1	113
libgtk-3-0t64:amd64	3.24.49-3	gtk+3.0	3.24.49-3	10029
libgtk-3-common	3.24.49-3	gtk+3.0	3.24.49-3	30916
libharfbuzz-subset0:amd64	10.2.0-1+deb13u1	harfbuzz	10.2.0-1+deb13u1	1511
libminizip1t64:amd64	1:1.3.dfsg+really1.3.1-1+b1	zlib	1:1.3.dfsg+really1.3.1-1	106
libopenh264-8:amd64	2.6.0+dfsg-2	openh264	2.6.0+dfsg-2	1143
libxft2:amd64	2.3.6-1+b4	xft	2.3.6-1	131
libxinerama1:amd64	2:1.1.4-3+b4	libxinerama	2:1.1.4-3	42
libxmuu1:amd64	2:1.1.3-3+b4	libxmu	2:1.1.3-3	53
libxnvctrl0:amd64	535.171.04-1+b2	libxnvctrl	535.171.04-1	54
libxxf86dga1:amd64	2:1.1.5-1+b3	libxxf86dga	2:1.1.5-1	52
x11-utils	7.7+7	x11-utils	7.7+7	651
xdg-utils	1.2.1-2	xdg-utils	1.2.1-2	348
