adwaita-icon-theme_48.1-1_all.deb	504356	f60b0577aee314d43d6908ca7f0b8f07dc48e2bb766e7e25035330817e0e827c
at-spi2-common_2.56.2-1+deb13u2_all.deb	170748	a2a7b53c9925ec33a471d56dd60f5effe35cece109ec4296cc8d98a1250213b4
at-spi2-core_2.56.2-1+deb13u2_amd64.deb	62124	5378aee8237adb78c0c523b74ec90dff71a52d31f20bb86fdd55841ae3200a21
chromium-common_154.0.8037.57-1~deb13u1_amd64.deb	30613260	8adc7a808ab393bd9f38855c8ad15757be8896eae36afc86728776a02c0794a7
chromium_154.0.8037.57-1~deb13u1_amd64.deb	90587876	d70bab9fbcb7bfbb7227b9510fb5cf1f7290bd6d6af3dd168b19ba4cc9b8035d
dbus-bin_1.16.2-2_amd64.deb	80004	a7c0785f89d3763bb83e2912237135a7d1c610e06f487c39b1d6408e88d46fb5
dbus-daemon_1.16.2-2_amd64.deb	158660	c91558cbd019bd5ec3e9fde0084976d5f61977f4ef0a9ed1ff48fe3a129b91d4
dbus-session-bus-common_1.16.2-2_all.deb	52264	98bd27836c7170839ed9c84b00daad9ed7155bd3d42e3f0ec3faf497aafa5f5f
dbus-system-bus-common_1.16.2-2_all.deb	53540	262e9ec8aae4e38bfa341648f9498b29280a81458601e1c265a36a24771d120a
dbus-user-session_1.16.2-2_amd64.deb	52128	0f9aa775a708b28b1a3ad784e9d1f0c96227521bc29e99ddbfe05ff008b5d246
dbus_1.16.2-2_amd64.deb	71632	f5c47639614324dac9a4c0baf5081676f698f815dd846060952b1d2e6e50f274
dconf-gsettings-backend_0.40.0-5_amd64.deb	28636	393e8deffcc78d4396e860f10cb5e7d0aab448d6e0965add62941fcd27be00fb
dconf-service_0.40.0-5_amd64.deb	32364	4a1feeda4605be8561ec32fb4d0655fbe2313e62e457107168f528d959b530b8
foot_1.21.0-2_amd64.deb	289720	8170fbd28c85e02a72af32393c2b2d420a2ff91264b12218f6d2c819419d44e2
grim_1.4.0+ds-2+b1_amd64.deb	15716	6002843dfcc83ec73109032a16e9b463c36c7c24528bdd2706f47312fb81f6b5
gsettings-desktop-schemas_48.0-1_all.deb	699668	151133be02bff0bff4c860260a3418378821fad8c5d11133f588d4de760797a5
gtk-update-icon-cache_4.18.6+ds-2_amd64.deb	52700	88378a48ac07d253fb9bf0503dfbfbee2037ed9cd83eeff1df398801ab183125
hicolor-icon-theme_0.18-2_all.deb	11832	d91fef83a186d3fc9fff293bfd7da4f684f736d15459d258a5a0d251168c1a35
iproute2_6.15.0-1_amd64.deb	1089184	7b2dcade4a83ded723fcab21c5a53c47f29352c9c5e1661a089a1e481b3fb48a
libaml0t64_0.3.0-3_amd64.deb	11096	06c7b1107490f4809e721f1d1acd9850c1e363ccc15c41fc66ca1068ca730e7e
libapparmor1_4.1.0-1_amd64.deb	43688	4158976c77038b93021967f425b4cc505df18c4f5e3f444732399e7ed4af4419
libatk-bridge2.0-0t64_2.56.2-1+deb13u2_amd64.deb	68516	c0fe87ea1bdca2f938eaa8286af5ad38ecd15cf18c6cfb5961d7d46ac3192325
libatk1.0-0t64_2.56.2-1+deb13u2_amd64.deb	51996	24786bc90e3ff80c4d1d8bdb5ec18bb5f06df9081a5233eb080f3202fcf6a1c3
libatspi2.0-0t64_2.56.2-1+deb13u2_amd64.deb	81056	65e9c9ecbd820fba2d04104cddd0bad33d256cbdfe0d1cb5365f10e363df2315
libbpf1_1%3a1.5.0-3_amd64.deb	168832	04c96ead3024888d80d08c8d08cc8cf4589f4614627acc69519f87ffb5adc1c2
libcap2-bin_1%3a2.75-10+deb13u1+b3_amd64.deb	36456	6404b8ee315ce3eb8e273981650e419ff0e91aed5213d4975a6895f98944ea80
libcap2_1%3a2.75-10+deb13u1+b3_amd64.deb	28988	89fc4d34fc7a28ad6f0fcd0c561ab253b9dedf6f77f5a000b47c276c8295bf67
libcares2_1.34.5-1+deb13u1_amd64.deb	98272	5034a2c34ea4730797df1a5f6a0ec142d7d09ce6923c06e167f08ad2e69a4218
libcloudproviders0_0.3.6-2_amd64.deb	29232	a626bb23ed9ebc4bc3ce446b552048de63d76768bf0fb492754965c5ee28a7e4
libcolord2_1.4.7-3_amd64.deb	139204	f11fd3b492781122edf0790f1e1fe24c51a41c67d4bb76cff84a9426c5654fa7
libdconf1_0.40.0-5_amd64.deb	41796	6e7f670e1cf493ae8f60dea52f5a4aef56605d5b06d921113d7c2a2800ff5af1
libdisplay-info2_0.2.0-2_amd64.deb	73868	961924d484d4c14b6decb76cf0e860a1e7b6c89bfc85e527d873a89faf24b846
libdouble-conversion3_3.3.1-1_amd64.deb	41816	bd43b8c185a78d108548b30da6a695aabb6644ce0dd266892da2d10cfe471067
libegl-mesa0_25.0.7-2+deb13u1_amd64.deb	128456	0ddebd7e91b048aac812611d6bd008343386cb140b51e5e66df74c6b6263be65
libegl1_1.7.0-1+b2_amd64.deb	34588	62e7bc8ccd47a60e55aad17f83d8d474310d782eb8589bbce2ab714c31712406
libepoxy0_1.5.10-2_amd64.deb	192728	4c4c8024f2175086de65bca9fdc3fbb967f2863ebf249d489c66d0c8103dd3a3
libevdev2_1.13.4+dfsg-1_amd64.deb	32372	02e85fb9461b85b23f775d5fcf5a31c55d37bec40b63fd98ca5d3a2763714ae7
libfcft4t64_3.3.1-1_amd64.deb	63320	306d595314f20069ca95ebac52a1cdc39d85b209a54684a473518b5733c34104
libgcrypt20_1.11.0-7+deb13u1_amd64.deb	843104	f0eb41f8cb40896e0822e9ab65611e8383c12b721c76c54764f744abb4a8c247
libgles2_1.7.0-1+b2_amd64.deb	17256	e12c18aa77939d122ee1dea520ba0440b97dc19200b7396e03dff03a3ece74c1
libgpg-error0_1.51-4_amd64.deb	82108	22b95570fd41c113ef6f5651563b4d748292844baab1278a46eb940c1dec2322
libgtk-3-0t64_3.24.49-3_amd64.deb	2768812	4aa8828f01365f937f3bf69f812c8107ee4c8a2b208ffdd7656e8de5de81d98f
libgtk-3-common_3.24.49-3_all.deb	4908188	9161bd6b9933384073ac5bacd6a3bb1e2998877a605411d73041fb0b7fadd605
libgudev-1.0-0_238-6_amd64.deb	14504	890a55ea26f52062f377389e6326abeadb72a14741c95ab6a1c5a19c77c3c3d0
libharfbuzz-subset0_10.2.0-1+deb13u1_amd64.deb	559548	2d0de8588408af221927b372c3c8d439d638a0a8abb549660ed5813ab529e6bc
libicu76_76.1-4_amd64.deb	9722072	c1bf762996de9ecba9b9d871e4928a8090f023a3e9e7fa3240b3d90f892a01dc
libinput-bin_1.28.1-1+deb13u1_amd64.deb	26764	0ef9fc75d9fb4d8aa478baa3e2165c8f3b5e7310c13d9dddbb18029e6cad9143
libinput10_1.28.1-1+deb13u1_amd64.deb	143596	fa967b1a25d8e5c0314459f6abd9e0e7518de7d8e02a8d4e69f51642a88569d4
libjson-c5_0.18+ds-1_amd64.deb	45956	4fbd5fb4d54c626f05d68abf38a31533fbf1bf4a87068696abe041ee9c974fe0
libliftoff0_0.5.0-1.1_amd64.deb	15668	e8c3eb02b3e521c2d44f8cc75ebce534f5f12cef424952b11d587df826a311d4
libminizip1t64_1%3a1.3.dfsg+really1.3.1-1+b1_amd64.deb	53324	9682faa260b02c865790f02089a755cb19b4b9100d91d3adb11da090709ad5d2
libmnl0_1.0.5-3_amd64.deb	11928	4ec9c1096e0b954e3bdb03a62314ee7f49999045d3d55be3e4ded520ffc9baf5
libmtdev1t64_1.1.7-1_amd64.deb	22556	736089af4684b6fe2fc824cb118c82a9722d6a31ad45f845998debe37714cbe5
libneatvnc0_0.9.1+dfsg-1_amd64.deb	70964	ac2c8f3f8f44a31d65e19afc7e1a092ec6f32255dbe763c52f7f2b44f0db42d7
libnode115_20.19.2+dfsg-1+deb13u3_amd64.deb	12093268	b459856250d6877cb528526aa3066eff78867fb041a8e8920a867b3f1bb8332f
libopenh264-8_2.6.0+dfsg-2_amd64.deb	395464	d1ced361cc6053f8b1eaf1cb3095085a1645491819131919d900ad1e1922643b
libpam-systemd_257.13-1~deb13u1_amd64.deb	297256	fcf4ee7d09e14ac9e52d8a9adb8f609ba06cc6a3ecbccc205e2c9a1ba1c39d16
libseat1_0.9.1-1_amd64.deb	28036	20c08d9460b87f98f36ffe200ef9ac074c3ca23961cb5fd47399f20946f5b185
libssl3t64_3.5.7-1~deb13u2_amd64.deb	2453872	916f7f40b34a06e6ebfaefcdab331bff458328411da672598f126a760472467d
libsystemd-shared_257.13-1~deb13u1_amd64.deb	2154616	2d349824e57f88507e2a33360610d8afc143a4ad5e80ee4bf8f37b826d6f37f9
libsystemd0_257.13-1~deb13u1_amd64.deb	454648	ab0d4127b5e46e6f8c015a1db15a62ba9ae274cdefa150083adf90ada0600ea1
libtirpc-common_1.3.6+ds-1_all.deb	11004	300f582e2c9151a8d329568c705cadc76252c417147312fe331c4560d2c7a6c3
libtirpc3t64_1.3.6+ds-1_amd64.deb	83300	ef4536c09bf5063554310e22d586ae90990100ba66d2fe7c35660e9e658913b6
libturbojpeg0_1%3a2.1.5-4_amd64.deb	211540	41e47391d822b61b7ca70002c793c1aa003bce6e31d30a28edda432e2b842a80
libudev1_257.13-1~deb13u1_amd64.deb	152300	5d41c284f5a93b05bc7d648b61a02dd2bb9ff05b2261ad1a8b7d96044a0cfa88
libutf8proc3_2.9.0-1+b2_amd64.deb	60960	d26d6916c35a74bc6a0d51e6efef222c3c096405a8fb65a229fd33ebad3ad500
libwacom-common_2.14.0-1_all.deb	102748	214956bd9b26600c4d5ac0d60c1685be6ef650644e36b712620c56fccd4d4f58
libwacom9_2.14.0-1_amd64.deb	25324	884cb03fe12ffb871f9a199c13d1a455c5abb30b4619c58babb3940755b7b3c8
libwlroots-0.18_0.18.2-3_amd64.deb	378400	b271f6b007a0945284d36e5d5e4c84542e930c5bd6a46464ec333e5fddd88b7a
libxcb-composite0_1.17.0-2+b1_amd64.deb	104820	5e9eb63ce6ae1fb282059510078f2df88c3780bfea37ac2dac5c374250cb4789
libxcb-errors0_1.0.1-4_amd64.deb	17292	615988141767a0794767ee9287bcd65e0f9b6823826cfb2b5c87248591fec086
libxcb-ewmh2_0.4.2-1_amd64.deb	32764	9dda3db4efb484c7047f0629c14aba9ab0dbe8bde7461e1ed6c90525cfbbc0d4
libxcb-icccm4_0.4.2-1_amd64.deb	27460	28f04c7fa76939bbc03fbaa1191dc58200c0c894d48ac6105a7039ba4d223b4a
libxcb-render-util0_0.3.10-1_amd64.deb	18400	9bdd6247e45cea5047e4da883dabf168366474fb1b00a37bb194359ca1f975ab
libxcb-res0_1.17.0-2+b1_amd64.deb	106184	028fed79fb32327b42e51e79ce39be2e3bc827eb1b4b96015477425a11d3cde0
libxcb-xinput0_1.17.0-2+b1_amd64.deb	130384	10f588b006a5a1a527c9971f4e9712d9aac12b98acd5d65c3f7b53a10ac36198
libxcvt0_0.1.3-1_amd64.deb	5432	0faccb95f5d306fc30c8b128572b92ff97bf59c547f1f8a46b57e0b4c6dd045b
libxft2_2.3.6-1+b4_amd64.deb	54516	0226da7b9186ab7a9f78efcbbefa7ce3b3b398745e1909e124a3d58471fa0edc
libxinerama1_2%3a1.1.4-3+b4_amd64.deb	15992	49d4e1628960407b8be2880a42428e7629801715a8a5697d42c0b0ca0a479911
libxmuu1_2%3a1.1.3-3+b4_amd64.deb	21896	6b5f537905421599e962a8cec68c84f06d506e143fc70b0b570380b3c4901678
libxnvctrl0_535.171.04-1+b2_amd64.deb	14172	0f53cff5c3d0395635bcabd626ac85f6a74d2dac21963c4955396f24bfc73db8
libxtables12_1.8.11-2_amd64.deb	31896	4de5aa59faef5e98d6ba9f5f521a915be5641f224f597862f8d29e8319e8db16
libxtst6_2%3a1.2.5-1_amd64.deb	25756	4f254f80b8984203474745d6428e8c2de2148f19b37aa01a601dbe9ac03196eb
libxxf86dga1_2%3a1.1.5-1+b3_amd64.deb	20780	5585791fed815875b6d9cfbcd48a4df454472696c5b1b6d4240b6c53d80d75b2
libyaml-0-2_0.2.5-2_amd64.deb	52524	8a5475402801de445a17887bb72d03613565a6a84b216b4b606d1462c613eeb2
ncurses-term_6.5+20250216-2_all.deb	517504	bd6104ab13bd008b4bd5aaf8740fd9f5168ca5199a72fe1c3e984fe49286fbb6
net-tools_2.10-1.3_amd64.deb	245436	e136d38b98f14c2aa1e8fc1c6d2846de6be665a2abebf227fc31984e34d93139
nginx-common_1.26.3-3+deb13u9_all.deb	111548	d0eab69fa763305d11bd623418118b61da1738aacd1390cd4465b7773289df1c
nginx_1.26.3-3+deb13u9_amd64.deb	613276	29258fa0e2f4c9162a95eda2c36cf84ee8f57289a14c58fb7e6d3868c61a5db3
node-acorn_8.8.1+ds+~cs25.17.7-2_all.deb	128252	5c6814cf6536892b3a93cc72a0a3792beb0d3f6be3d69f499ca7d764583479a9
node-balanced-match_2.0.0-1_all.deb	4872	98a1c466bff6baf6780c4b765ec665e684424bf7907439939b5fb1160ede039c
node-brace-expansion_2.0.1+~1.1.0-2_all.deb	8012	c06d940bf95617cfd5c5ccbf0bf2ea864f41f36f317f21b4c8b21a3bf9668821
node-cjs-module-lexer_1.2.3+dfsg-1_all.deb	30560	db5edbd534306c633cd8c0639adb9fc723ec5c6961eee9f9721475db74474959
node-corepack_0.24.0-5_all.deb	711724	76fc252799fe76c1dcd63d95cc556e11d5ac226902cf41c1963a2a45f830efa0
node-minimatch_9.0.3-6_all.deb	76780	732998416eadffcdbf4e7e697200eb28d42963d1540fff2a3b485b5499805db6
node-undici_7.3.0+dfsg1+~cs24.12.11-1_all.deb	332608	7f10cf9c79cf4dae6c1117ca1c8181d2d4d184b82bbd59dd0eeec554994161c4
node-xtend_4.0.2-3_all.deb	3932	c64e37fbea40de012b59adbfa61e703b52c12713f34cbfd2d4049ebcc549f270
nodejs_20.19.2+dfsg-1+deb13u3_amd64.deb	354784	2f30b056911388a3abf27d015eda858bf5b76abfeb7f43b82c3cc35231f1c8bc
novnc_1%3a1.6.0-2_all.deb	280152	7943751137815b9b98c7b424413de78aefa8a1045129ac06c001e9e68e0de98e
openssl-provider-legacy_3.5.7-1~deb13u2_amd64.deb	316132	f155c8191ae6d41da73d792f4182680aeafeb85c3dd223934ee9fdd115c4f1fa
openssl_3.5.7-1~deb13u2_amd64.deb	1507300	4ff006f431d8c2e69fa736885a3b6e779f2448535f69dbde821d9f0ff87ad8ea
python3-bcrypt_4.2.0-2.1+b1_amd64.deb	210892	7485d96fc2669e9407056474c61aea5bd83ef5f406b46a1d7500ae17fab0a830
python3-certifi_2025.1.31+ds-1_all.deb	9652	939b1a979218ec23b5f9469e2ad8a809de588f586bbaf3292b4e617d987824bd
python3-cffi-backend_1.17.1-3_amd64.deb	93396	7cfe53f3eff772127fd22e503876e3dd2b34b4c2a68fe9a524ce214e5bb7927a
python3-chardet_5.2.0+dfsg-2_all.deb	107644	06d26a4755a176d56d3c68510fe35f394b86640003360b9c6ad047d9a35268bc
python3-charset-normalizer_3.4.2-1_amd64.deb	127636	84acc2d79eb675e00c41a8031157e87529a97bc550430d9a6146069285fee8bc
python3-cryptography_43.0.0-3+deb13u1_amd64.deb	942368	edfc3aab6cbc4941aa19798059867696eeae90eb41b6dc2c5197c521da548972
python3-deprecated_1.2.18-1_all.deb	14764	57646d92e1e60c64a8f384fe8fc556c97c8aa84746032377b0b355cbe35ee9b6
python3-idna_3.10-1+deb13u1_all.deb	43032	5cf05020b0e5c523ace373a4feac7e074de3e95df30b5a2d584842accba6e60b
python3-jwcrypto_1.5.6-1.1~deb13u1_all.deb	32080	56810375cea743953c30748a74cc7a9c185633d6f9ccd99e1a6d4cf62eb92105
python3-numpy-dev_1%3a2.2.4+ds-1_amd64.deb	138728	c051209f015056a27580a73a14301a64ce9577186e1367732e759349b6e0384d
python3-numpy_1%3a2.2.4+ds-1_amd64.deb	5095572	eacb51b412e4621e4b6d631a479f6f0589522416e494d8da0e680f1863b5cb44
python3-redis_6.1.0-2_all.deb	248536	85b4ab406ee9dc03a0474cf6b9c0b178d0124a9196e2d8ad7fc4c3a988e924e4
python3-requests_2.32.3+dfsg-5+deb13u1_all.deb	72212	7d271bd47c6647b16aec9facc656c39eca763062ec392aea615dd6597b8304c2
python3-typing-extensions_4.13.2-1_all.deb	90500	b67662f211c35c17c74a0725bc7c8ffc3b126c650e2a2525593adee06f2bbf69
python3-urllib3_2.3.0-3+deb13u2_all.deb	115344	8132c30c09060562e540025a5d5b1ee9dd3496234c36eab57339e8b94f9e6b38
python3-websockify_0.12.0+dfsg1-4+b1_amd64.deb	46316	2cc697df15126b6561a557323c17d414df5693580f4618644e76cf9d91baf53f
python3-wrapt_1.15.0-4+b1_amd64.deb	43592	b21010b18f4e33f98b47502711239df887bffe8d2913611499e97ffa18818646
python3-yaml_6.0.2-1+b2_amd64.deb	136500	0019c4e7848c83a0d6bcb78cca902b5cdb1714aa6370ba01955b1fed6f667056
seatd_0.9.1-1_amd64.deb	27312	f2f36d7660ca281c1e2603c21f6f87acc0990149017a49777d222cdca9a4a3c6
sway_1.10.1-2_amd64.deb	330404	7561052fc38ca844b1e9e412b142b29819730d973b5a8192994e047fa5d924c3
swaybg_1.2.1-1_amd64.deb	15208	ed00dfbed090d2cfbac56affe9e9fd7a8303586f3f1ff4f884f623c9dfa58efa
systemd-sysv_257.13-1~deb13u1_amd64.deb	64876	3bed48042b6e40f8a3c439e79b4a4ed6a12102eb3ab66123dc43aa18f0416729
systemd_257.13-1~deb13u1_amd64.deb	3093632	ee81302a1d5b7434762b6e784a572854d4b6cf6235e33e2d104ad4e1cae71ab4
wayvnc_0.9.1-1_amd64.deb	72300	e537d9aee5cc932aa9a9d8105f3bc184e0e5ad324c5753981ae11962f50cff90
websockify_0.12.0+dfsg1-4+b1_amd64.deb	23520	e13a821ddaf7ee5cbc16dc930cfa3a83af5ae65ab1c2cc61dcc6c78af0a1fa5f
wl-clipboard_2.2.1-2_amd64.deb	32244	9c655956ef2139fdfb0479b02e09ee92de811f88d1f67c2482091b80b5842792
wtype_0.4-3_amd64.deb	9700	242f187a2da3a910fcbf28d4f13d4f6905b1eb2c3c666597dd1e45c4d3258c32
x11-utils_7.7+7_amd64.deb	181524	239d8a87b464cbe370d63029820218a52c5bfa1f0dfeb74f7cfe7d0df017046b
xdg-utils_1.2.1-2_all.deb	75840	01dd31db093f1e810824519200112ec3fd447ba0341f7213244525eaa289355e
xwayland_2%3a24.1.6-1_amd64.deb	904212	7e51a144e858d5be7e91d6644c2758a618e425c7222234d2e8f059e5aba6c1f5
